perturbation,overlap_at_N,overlap_at_50,overlap_at_100,overlap_at_200,overlap_at_500,precision_at_N,precision_at_50,precision_at_100,precision_at_200,precision_at_500,de_spearman_sig,de_direction_match,de_spearman_lfc_sig,de_sig_genes_recall,de_nsig_counts_real,de_nsig_counts_pred,pr_auc,roc_auc,pearson_delta,mse,mae,mse_delta,mae_delta,discrimination_score_l1,discrimination_score_l2,discrimination_score_cosine,pearson_edistance,clustering_agreement
AKT2,0.08261731658955718,0.86,0.8,0.475,0.214,0.08888497238867347,0.86,0.8,0.475,0.214,0.9,1.0,0.9966504808012745,1.0,1513.0,17022.0,0.10287968989449403,0.47923130219572263,0.9951430559158325,0.6927828192710876,0.5524245500564575,0.0005471615004353225,0.010910219512879848,0.8,1.0,1.0,0.9129203706572302,1.0
CHMP3,0.1080387685290764,0.82,0.53,0.34,0.162,0.2033033903216459,0.82,0.53,0.34,0.162,0.9,1.0,0.9961215099350461,1.0,3508.0,17255.0,0.2258156840872844,0.4781654911513967,0.9955587387084961,0.6915978789329529,0.5530107617378235,0.0007847297238186002,0.015318897552788258,0.6,0.8,1.0,0.9129203706572302,1.0
KLF10,0.0391147709727226,0.76,0.44,0.27,0.124,0.11439505445981749,0.76,0.44,0.27,0.124,0.9,1.0,0.996909634638833,1.0,1943.0,16985.0,0.1302387869340853,0.48550871556532904,0.9925342798233032,0.6873257160186768,0.5499754548072815,0.00032908160937950015,0.008973873220384121,0.8,1.0,1.0,0.9129203706572302,1.0
SHPRH,0.25,0.84,0.58,0.37,0.25,0.020175333253272486,0.84,0.58,0.37,0.186,0.9,1.0,0.9983397181910306,1.0,336.0,16654.0,0.02549786363666404,0.49577917351002615,0.9904363751411438,0.6895312666893005,0.551445484161377,0.0007410801481455564,0.014171438291668892,0.6,1.0,1.0,0.9129203706572302,1.0
TMSB4X,0.07092198581560284,0.3,0.23,0.125,0.07092198581560284,0.02529601722282024,0.3,0.23,0.125,0.06,0.9,1.0,0.9940275508439823,1.0,423.0,16722.0,0.029803424223208624,0.4912216118253384,0.9987332820892334,0.6927366852760315,0.5524853467941284,0.00035534260678105056,0.003580395132303238,1.0,1.0,1.0,0.9129203706572302,1.0
