{
  "DES": 0.04266681879839991,
  "PDS": 0.5166666666666667,
  "MAE": 7.0052699385140915,
  "DES_scaled": -0.07084248456554819,
  "PDS_scaled": 0.005486968449931494,
  "MAE_scaled": -258.4544421671886,
  "overall_score_percent": -8617.326589443473
}