{
  "DES": 0.677441347686743,
  "PDS": 1.0,
  "MAE": 9.228222433754389e-06,
  "DES_scaled": 0.6391961383520616,
  "PDS_scaled": 1.0,
  "MAE_scaled": 0.999658213983935,
  "overall_score_percent": 87.96181174453321
}