{
  "DES": 0.6481078929217533,
  "PDS": 0.6,
  "MAE": 2.822675661934821,
  "DES_scaled": 0.6063846676977106,
  "PDS_scaled": 0.176954732510288,
  "MAE_scaled": -103.543543034623,
  "overall_score_percent": -3425.340121147167
}