{
  "DES": 0.11074629461650021,
  "PDS": 0.6,
  "MAE": 2.899715956613189,
  "DES_scaled": 0.0053090543808727185,
  "PDS_scaled": 0.176954732510288,
  "MAE_scaled": 0.0,
  "overall_score_percent": 6.075459563038691
}