,DES,PDS,MAE
AKT2,0.6279434850863422,1.0,7.350718980989267e-06
CHMP3,0.7240713941148095,1.0,7.1877343397614114e-06
KLF10,0.5870786516853933,1.0,5.360226129436195e-06
SHPRH,0.6981132075471698,1.0,2.233575944064024e-05
TMSB4X,0.75,1.0,3.906673277944832e-06
