,DES,PDS,MAE
AKT2,0.10118043844856661,0.8,2.9559753558398136
CHMP3,0.0876468720228644,0.4,2.9570637208003756
KLF10,0.09353162515678194,0.19999999999999996,2.804661299113466
SHPRH,0.2066326530612245,0.6,2.871561802327628
TMSB4X,0.06473988439306358,1.0,2.909317604984664
