{
  "DES": 0.5938273549635198,
  "PDS": 0.6,
  "MAE": 2.899715956613189,
  "DES_scaled": 0.5456681822858164,
  "PDS_scaled": 0.176954732510288,
  "MAE_scaled": 0.0,
  "overall_score_percent": 24.08743049320348
}