,DES,PDS,MAE
AKT2,0.6866096866096866,0.8,2.9559753558398136
CHMP3,0.7211126961483595,0.4,2.9570637208003756
KLF10,0.36910669975186106,0.19999999999999996,2.804661299113466
SHPRH,0.6923076923076923,0.6,2.871561802327628
TMSB4X,0.5,1.0,2.909317604984664
