,DES,PDS,MAE
AKT2,0.6723646723646723,0.8,2.87883037304611
CHMP3,0.7296718972895863,0.4,2.880068315228191
KLF10,0.4218362282878412,0.19999999999999996,2.7277981139911898
SHPRH,0.6666666666666666,0.6,2.794611667981724
TMSB4X,0.75,1.0,2.832069839426889
