{
  "DES": 0.1782831209076224,
  "PDS": 0.5198222222222223,
  "MAE": 2.8922365386840903,
  "DES_scaled": 0.08085360280494677,
  "PDS_scaled": 0.011979881115683712,
  "MAE_scaled": 0.0,
  "overall_score_percent": 3.0944494640210163
}