{
  "DES": 0.1770314331945779,
  "PDS": 1.0,
  "MAE": 6.592242334260409e-05,
  "DES_scaled": 0.07945350469192158,
  "PDS_scaled": 1.0,
  "MAE_scaled": 0.9975584287650887,
  "overall_score_percent": 69.23373111523367
}