{
  "DES": 0.6481820530640384,
  "PDS": 0.5198222222222223,
  "MAE": 2.8922365386840903,
  "DES_scaled": 0.6064676208770005,
  "PDS_scaled": 0.011979881115683712,
  "MAE_scaled": 0.0,
  "overall_score_percent": 20.614916733089473
}